metrics,score
context_relevance,0.9525437957680949
faithfulness,0.8937694704049843
sas,0.6626938807595277
