metrics,score
context_relevance,0.8434468179795283
faithfulness,0.8317757009345794
sas,0.5558725260807392
