metrics,score
context_relevance,0.9419522326064382
faithfulness,0.9147196261682243
sas,0.6459915392866759
