metrics,score
context_relevance,0.9334890965732087
faithfulness,0.9485981308411215
sas,0.6513301346311781
