metrics,score
context_relevance,0.9123552200655004
faithfulness,
sas,0.6611351331991848
