metrics,score
context_relevance,0.8348909657320873
faithfulness,0.7383177570093458
sas,0.5248823124288677
