metrics,score
context_relevance,0.8264797507788161
faithfulness,0.8660436137071652
sas,0.5845070472248247
