metrics,score
context_relevance,0.9096376365067954
faithfulness,0.9322429906542056
sas,0.6763466172546984
