metrics,score
context_relevance,0.8977154724818276
faithfulness,0.8457943925233645
sas,0.5385790866773541
