metrics,score
context_relevance,0.791588785046729
faithfulness,0.677570093457944
sas,0.4808633311729983
