metrics,score
context_relevance,0.8678868120456905
faithfulness,0.8341121495327103
sas,0.5600785498080827
