metrics,score
context_relevance,0.9181352914997775
faithfulness,0.9345794392523364
sas,0.6732801072578006
