metrics,score
context_relevance,0.8853137516688918
faithfulness,0.8691588785046729
sas,0.5874242300655101
