metrics,score
context_relevance,0.9450155763239876
faithfulness,0.9369158878504673
sas,0.6859097400349434
