metrics,score
context_relevance,0.9164218958611481
faithfulness,0.8925233644859814
sas,0.6097279956964688
