metrics,score
context_relevance,0.9517022696929239
faithfulness,0.9254561637739207
sas,0.6428365962684294
