metrics,score
context_relevance,0.9536493101913663
faithfulness,0.9190031152647976
sas,0.6642236119292886
