metrics,score
context_relevance,0.9012177853299348
faithfulness,0.8906542056074767
sas,0.6114680781420843
