metrics,score
context_relevance,0.9129910587854512
faithfulness,0.8271028037383178
sas,0.5748319318866201
