metrics,score
context_relevance,0.9446298768728675
faithfulness,0.928348909657321
sas,0.6593106779156723
