metrics,score
context_relevance,0.9466510903426791
faithfulness,0.8878504672897196
sas,0.6390723238446724
