metrics,score
context_relevance,0.9098130841121495
faithfulness,0.7383177570093458
sas,0.530884095467627
