metrics,score
context_relevance,0.9641818721257974
faithfulness,0.9439252336448598
sas,0.6285403151169558
