metrics,score
context_relevance,0.8800400534045394
faithfulness,0.9299065420560748
sas,0.6004277064038492
