metrics,score
context_relevance,0.8694852395786975
faithfulness,0.895638629283489
sas,0.633805805878174
