metrics,score
context_relevance,0.9498442367601245
faithfulness,0.866822429906542
sas,0.613354876776722
